[
  {
    "title": "All Day Event",
    "start": "2014-01-01"
  },
  {
    "title": "Bruno Test",
    "start": "2014-01-07 16:00:00",
    "end": "2014-01-07 19:30:00"
  },
  {
    "title": "Long Event",
    "start": "2014-01-07",
    "end": "2014-01-10"
  },
  {
    "id": "999",
    "title": "Repeating Event",
    "start": "2014-01-09T16:00:00-05:00"
  },
  {
    "id": "999",
    "title": "Repeating Event",
    "start": "2014-01-16T16:00:00-05:00"
  },
  {
    "title": "Meeting",
    "start": "2014-01-12T10:30:00-05:00",
    "end": "2014-01-12T12:30:00-05:00"
  },
  {
    "title": "Lunch",
    "start": "2014-01-12T12:00:00-05:00"
  },
  {
    "title": "Birthday Party",
    "start": "2014-01-13T07:00:00-05:00"
  },
  {
    "title": "Click for Google",
    "url": "http://google.com/",
    "start": "2014-01-28"
  }
]