[
  {
    "id":6,
    "source":0,
    "property_preprocess":false,
    "name":"migxcal_categoryTpl",
    "description":"",
    "editor_type":0,
    "category":0,
    "cache_type":0,
    "locked":false,
    "properties":null,
    "static":false,
    "static_file":"",
    "filename":"migxcal_categorytpl.chunk.html",
    "category_name":"migxCalendars"
  },
  {
    "id":7,
    "source":0,
    "property_preprocess":false,
    "name":"migxcal_controller",
    "description":"",
    "editor_type":0,
    "category":0,
    "cache_type":0,
    "locked":false,
    "properties":[
      
    ],
    "static":false,
    "static_file":"",
    "filename":"migxcal_controller.chunk.html",
    "category_name":"migxCalendars"
  },
  {
    "id":8,
    "source":0,
    "property_preprocess":false,
    "name":"migxcalEditableOptions",
    "description":"",
    "editor_type":0,
    "category":0,
    "cache_type":0,
    "locked":false,
    "properties":[
      
    ],
    "static":false,
    "static_file":"",
    "filename":"migxcaleditableoptions.chunk.html",
    "category_name":"migxCalendars"
  },
  {
    "id":9,
    "source":0,
    "property_preprocess":false,
    "name":"migxcal_eventbuttons",
    "description":"",
    "editor_type":0,
    "category":0,
    "cache_type":0,
    "locked":false,
    "properties":[
      
    ],
    "static":false,
    "static_file":"",
    "filename":"migxcal_eventbuttons.chunk.html",
    "category_name":"migxCalendars"
  },
  {
    "id":10,
    "source":0,
    "property_preprocess":false,
    "name":"migxcalExtraOptions",
    "description":"",
    "editor_type":0,
    "category":0,
    "cache_type":0,
    "locked":false,
    "properties":[
      
    ],
    "static":false,
    "static_file":"",
    "filename":"migxcalextraoptions.chunk.html",
    "category_name":"migxCalendars"
  },
  {
    "id":11,
    "source":0,
    "property_preprocess":false,
    "name":"migxcal_modalBodyTpl",
    "description":"",
    "editor_type":0,
    "category":0,
    "cache_type":0,
    "locked":false,
    "properties":null,
    "static":false,
    "static_file":"",
    "filename":"migxcal_modalbodytpl.chunk.html",
    "category_name":"migxCalendars"
  },
  {
    "id":12,
    "source":0,
    "property_preprocess":false,
    "name":"migxcal_detailTpl",
    "description":"",
    "editor_type":0,
    "category":0,
    "cache_type":0,
    "locked":false,
    "properties":null,
    "static":false,
    "static_file":"",
    "filename":"migxcal_detailtpl.chunk.html",
    "category_name":"migxCalendars"
  },
  {
    "id":13,
    "source":0,
    "property_preprocess":false,
    "name":"migxcal_minical",
    "description":"",
    "editor_type":0,
    "category":0,
    "cache_type":0,
    "locked":false,
    "properties":null,
    "static":false,
    "static_file":"",
    "filename":"migxcal_minical.chunk.html",
    "category_name":"migxCalendars"
  },
  {
    "id":14,
    "source":0,
    "property_preprocess":false,
    "name":"migxcal_availiabledates",
    "description":"",
    "editor_type":0,
    "category":0,
    "cache_type":0,
    "locked":false,
    "properties":null,
    "static":false,
    "static_file":"",
    "filename":"migxcal_availiabledates.chunk.html",
    "category_name":"migxCalendars"
  }
]