[
  {
    "id":160,
    "source":0,
    "property_preprocess":false,
    "name":"migxcalGetEvents",
    "description":"",
    "editor_type":0,
    "category":0,
    "cache_type":0,
    "locked":false,
    "properties":null,
    "moduleguid":"",
    "static":false,
    "static_file":"",
    "filename":"migxcalgetevents.snippet.php",
    "category_name":"migxCalendars"
  },
  {
    "id":162,
    "source":0,
    "property_preprocess":false,
    "name":"migxcalCalendar",
    "description":"",
    "editor_type":0,
    "category":0,
    "cache_type":0,
    "locked":false,
    "properties":null,
    "moduleguid":"",
    "static":false,
    "static_file":"",
    "filename":"migxcalcalendar.snippet.php",
    "category_name":"migxCalendars"
  },
  {
    "id":167,
    "source":0,
    "property_preprocess":false,
    "name":"migxcalDetailView",
    "description":"",
    "editor_type":0,
    "category":0,
    "cache_type":0,
    "locked":false,
    "properties":null,
    "moduleguid":"",
    "static":false,
    "static_file":"",
    "filename":"migxcaldetailview.snippet.php",
    "category_name":"migxCalendars"
  }
]