[
  {
    "id":187,
    "source":0,
    "property_preprocess":false,
    "name":"migxcal_categoryTpl",
    "description":"",
    "editor_type":0,
    "category":0,
    "cache_type":0,
    "locked":false,
    "properties":null,
    "static":false,
    "static_file":"",
    "filename":"migxcal_categorytpl.chunk.html",
    "category_name":"migxCalendars"
  },
  {
    "id":190,
    "source":0,
    "property_preprocess":false,
    "name":"migxcal_controller",
    "description":"",
    "editor_type":0,
    "category":0,
    "cache_type":0,
    "locked":false,
    "properties":[
      
    ],
    "static":false,
    "static_file":"core\/components\/migxcalendars\/elements\/chunks\/migxcal_controller.js",
    "filename":"migxcal_controller.chunk.html",
    "category_name":"migxCalendars"
  },
  {
    "id":191,
    "source":0,
    "property_preprocess":false,
    "name":"migxcalEditableOptions",
    "description":"",
    "editor_type":0,
    "category":0,
    "cache_type":0,
    "locked":false,
    "properties":[
      
    ],
    "static":false,
    "static_file":"core\/components\/migxcalendars\/elements\/chunks\/migxcalEditableOptions.js",
    "filename":"migxcaleditableoptions.chunk.html",
    "category_name":"migxCalendars"
  },
  {
    "id":192,
    "source":0,
    "property_preprocess":false,
    "name":"migxcal_eventbuttons",
    "description":"",
    "editor_type":0,
    "category":0,
    "cache_type":0,
    "locked":false,
    "properties":[
      
    ],
    "static":false,
    "static_file":"core\/components\/migxcalendars\/elements\/chunks\/migxcal_eventbuttons.html",
    "filename":"migxcal_eventbuttons.chunk.html",
    "category_name":"migxCalendars"
  },
  {
    "id":193,
    "source":0,
    "property_preprocess":false,
    "name":"migxcalExtraOptions",
    "description":"",
    "editor_type":0,
    "category":0,
    "cache_type":0,
    "locked":false,
    "properties":[
      
    ],
    "static":false,
    "static_file":"core\/components\/migxcalendars\/elements\/chunks\/migxcalEditableOptions.js",
    "filename":"migxcalextraoptions.chunk.html",
    "category_name":"migxCalendars"
  },
  {
    "id":194,
    "source":0,
    "property_preprocess":false,
    "name":"migxcal_modalBodyTpl",
    "description":"",
    "editor_type":0,
    "category":0,
    "cache_type":0,
    "locked":false,
    "properties":null,
    "static":false,
    "static_file":"",
    "filename":"migxcal_modalbodytpl.chunk.html",
    "category_name":"migxCalendars"
  },
  {
    "id":195,
    "source":0,
    "property_preprocess":false,
    "name":"migxcal_detailTpl",
    "description":"",
    "editor_type":0,
    "category":0,
    "cache_type":0,
    "locked":false,
    "properties":null,
    "static":false,
    "static_file":"",
    "filename":"migxcal_detailtpl.chunk.html",
    "category_name":"migxCalendars"
  }
]