[
  {
    "id":32,
    "source":0,
    "property_preprocess":false,
    "templatename":"migxcal_baseTemplate",
    "description":"",
    "editor_type":0,
    "category":0,
    "icon":"",
    "template_type":0,
    "locked":false,
    "properties":null,
    "static":false,
    "static_file":"",
    "filename":"migxcal_basetemplate.template.html",
    "category_name":"migxCalendars"
  },
  {
    "id":36,
    "source":0,
    "property_preprocess":false,
    "templatename":"migxcal_editableTemplate",
    "description":"",
    "editor_type":0,
    "category":0,
    "icon":"",
    "template_type":0,
    "locked":false,
    "properties":null,
    "static":false,
    "static_file":"",
    "filename":"migxcal_editabletemplate.template.html",
    "category_name":"migxCalendars"
  },
  {
    "id":37,
    "source":0,
    "property_preprocess":false,
    "templatename":"migxcal_dateDetailTemplate",
    "description":"",
    "editor_type":0,
    "category":0,
    "icon":"",
    "template_type":0,
    "locked":false,
    "properties":null,
    "static":false,
    "static_file":"",
    "filename":"migxcal_datedetailtemplate.template.html",
    "category_name":"migxCalendars"
  }
]